Workbook

Sheet Модель
A1: Информационная модель «Мои оценки за четверть»
A3: Цель: следить за успеваемостью и понимать, что нужно исправить до конца четверти.
A4: Вопросы модели:
A5: 1. Какой средний балл по каждому предмету?
A6: 2. Какая итоговая оценка выходит сейчас?
A7: 3. По каким предметам оценка «на грани» и что нужно подтянуть?
A8: 4. Сколько пятёрок нужно получить, чтобы выйти на нужный средний балл?
A9: Тип модели: табличная — справочник предметов + журнал оценок + расчёты.
A10: Существенно: предмет, дата, оценка, вид работы.
A11: Несущественно: кабинет, номер урока, настроение учителя.
A13: Параметры (жёлтые ячейки можно менять)
A14: Нужный средний балл | B14: 4.5
A15: Начало четверти | B15: 46266
A16: Сегодняшняя дата | B16: 46287
A18: Синий шрифт — данные, введённые вручную; чёрный — расчёт по формулам.

Sheet Предметы
A1: Код | B1: Предмет | C1: Учитель
A2: П1 | B2: Информатика | C2: Евгений Сергеевич
A3: П2 | B3: Алгебра | C3: Ирина Павловна
A4: П3 | B4: Геометрия | C4: Ирина Павловна
A5: П4 | B5: Физика | C5: Олег Данилович
A6: П5 | B6: Русский язык | C6: Марина Юрьевна
A7: П6 | B7: Литература | C7: Марина Юрьевна
A8: П7 | B8: История | C8: Андрей Викторович
A9: П8 | B9: Английский язык | C9: Светлана Игоревна

Sheet Оценки
A1: № | B1: Дата | C1: Код | D1: Предмет (авто) | E1: Оценка | F1: Вид работы
A2: 1 | B2: 46267 | C2: П1 | D2: =IFERROR(INDEX(Предметы!$B$2:$B$9,MATCH($C2,Предметы!$A$2:$A$9,0)),"") | E2: 5 | F2: устный ответ
A3: 2 | B3: 46267 | C3: П2 | D3: =IFERROR(INDEX(Предметы!$B$2:$B$9,MATCH($C3,Предметы!$A$2:$A$9,0)),"") | E3: 4 | F3: самостоятельная
A4: 3 | B4: 46268 | C4: П5 | D4: =IFERROR(INDEX(Предметы!$B$2:$B$9,MATCH($C4,Предметы!$A$2:$A$9,0)),"") | E4: 4 | F4: диктант
A5: 4 | B5: 46268 | C5: П7 | D5: =IFERROR(INDEX(Предметы!$B$2:$B$9,MATCH($C5,Предметы!$A$2:$A$9,0)),"") | E5: 5 | F5: устный ответ
A6: 5 | B6: 46269 | C6: П4 | D6: =IFERROR(INDEX(Предметы!$B$2:$B$9,MATCH($C6,Предметы!$A$2:$A$9,0)),"") | E6: 3 | F6: самостоятельная
A7: 6 | B7: 46269 | C7: П8 | D7: =IFERROR(INDEX(Предметы!$B$2:$B$9,MATCH($C7,Предметы!$A$2:$A$9,0)),"") | E7: 5 | F7: устный ответ
A8: 7 | B8: 46272 | C8: П3 | D8: =IFERROR(INDEX(Предметы!$B$2:$B$9,MATCH($C8,Предметы!$A$2:$A$9,0)),"") | E8: 4 | F8: домашняя работа
A9: 8 | B9: 46272 | C9: П6 | D9: =IFERROR(INDEX(Предметы!$B$2:$B$9,MATCH($C9,Предметы!$A$2:$A$9,0)),"") | E9: 5 | F9: сочинение
A10: 9 | B10: 46273 | C10: П1 | D10: =IFERROR(INDEX(Предметы!$B$2:$B$9,MATCH($C10,Предметы!$A$2:$A$9,0)),"") | E10: 5 | F10: практическая
A11: 10 | B11: 46273 | C11: П2 | D11: =IFERROR(INDEX(Предметы!$B$2:$B$9,MATCH($C11,Предметы!$A$2:$A$9,0)),"") | E11: 5 | F11: устный ответ
A12: 11 | B12: 46274 | C12: П4 | D12: =IFERROR(INDEX(Предметы!$B$2:$B$9,MATCH($C12,Предметы!$A$2:$A$9,0)),"") | E12: 4 | F12: лабораторная
A13: 12 | B13: 46274 | C13: П5 | D13: =IFERROR(INDEX(Предметы!$B$2:$B$9,MATCH($C13,Предметы!$A$2:$A$9,0)),"") | E13: 3 | F13: словарный диктант
... A33: 32 | B33: 46286 | C33: П3 | D33: =IFERROR(INDEX(Предметы!$B$2:$B$9,MATCH($C33,Предметы!$A$2:$A$9,0)),"") | E33: 4 | F33: устный ответ

Sheet Итоги
A1: Результаты
A3: Оценок получено всего | B3: =COUNT(Оценки!$E$2:$E$33)
A4: Средний балл по всем предметам | B4: =ROUND(AVERAGE(Оценки!$E$2:$E$33),2)
A5: Пятёрок | B5: =COUNTIF(Оценки!$E$2:$E$33,5)
A6: Четвёрок | B6: =COUNTIF(Оценки!$E$2:$E$33,4)
A7: Троек | B7: =COUNTIF(Оценки!$E$2:$E$33,3)
A9: По предметам
A10: Предмет | B10: Оценок | C10: Средний балл | D10: Итоговая оценка | E10: Пятёрок до цели | F10: Статус
A11: =IFERROR(INDEX(Предметы!$B$2:$B$9,MATCH("П1",Предметы!$A$2:$A$9,0)),"") | B11: =COUNTIF(Оценки!$C$2:$C$33,"П1") | C11: =IFERROR(ROUND(SUMIF(Оценки!$C$2:$C$33,"П1",Оценки!$E$2:$E$33)/$B11,2),0) | D11: =ROUND($C11,0) | E11: =IF($C11>=Модель!$B$14,0,ROUNDUP(($B11*(Модель!$B$14-$C11))/(5-Модель!$B$14),0)) | F11: =IF($C11>=Модель!$B$14,"цель достигнута",IF($C11>=4,"на грани","нужно подтянуть"))
A12: =IFERROR(INDEX(Предметы!$B$2:$B$9,MATCH("П2",Предметы!$A$2:$A$9,0)),"") | B12: =COUNTIF(Оценки!$C$2:$C$33,"П2") | C12: =IFERROR(ROUND(SUMIF(Оценки!$C$2:$C$33,"П2",Оценки!$E$2:$E$33)/$B12,2),0) | D12: =ROUND($C12,0) | E12: =IF($C12>=Модель!$B$14,0,ROUNDUP(($B12*(Модель!$B$14-$C12))/(5-Модель!$B$14),0)) | F12: =IF($C12>=Модель!$B$14,"цель достигнута",IF($C12>=4,"на грани","нужно подтянуть"))
A13: =IFERROR(INDEX(Предметы!$B$2:$B$9,MATCH("П3",Предметы!$A$2:$A$9,0)),"") | B13: =COUNTIF(Оценки!$C$2:$C$33,"П3") | C13: =IFERROR(ROUND(SUMIF(Оценки!$C$2:$C$33,"П3",Оценки!$E$2:$E$33)/$B13,2),0) | D13: =ROUND($C13,0) | E13: =IF($C13>=Модель!$B$14,0,ROUNDUP(($B13*(Модель!$B$14-$C13))/(5-Модель!$B$14),0)) | F13: =IF($C13>=Модель!$B$14,"цель достигнута",IF($C13>=4,"на грани","нужно подтянуть"))
A14: =IFERROR(INDEX(Предметы!$B$2:$B$9,MATCH("П4",Предметы!$A$2:$A$9,0)),"") | B14: =COUNTIF(Оценки!$C$2:$C$33,"П4") | C14: =IFERROR(ROUND(SUMIF(Оценки!$C$2:$C$33,"П4",Оценки!$E$2:$E$33)/$B14,2),0) | D14: =ROUND($C14,0) | E14: =IF($C14>=Модель!$B$14,0,ROUNDUP(($B14*(Модель!$B$14-$C14))/(5-Модель!$B$14),0)) | F14: =IF($C14>=Модель!$B$14,"цель достигнута",IF($C14>=4,"на грани","нужно подтянуть"))
A15: =IFERROR(INDEX(Предметы!$B$2:$B$9,MATCH("П5",Предметы!$A$2:$A$9,0)),"") | B15: =COUNTIF(Оценки!$C$2:$C$33,"П5") | C15: =IFERROR(ROUND(SUMIF(Оценки!$C$2:$C$33,"П5",Оценки!$E$2:$E$33)/$B15,2),0) | D15: =ROUND($C15,0) | E15: =IF($C15>=Модель!$B$14,0,ROUNDUP(($B15*(Модель!$B$14-$C15))/(5-Модель!$B$14),0)) | F15: =IF($C15>=Модель!$B$14,"цель достигнута",IF($C15>=4,"на грани","нужно подтянуть"))
A16: =IFERROR(INDEX(Предметы!$B$2:$B$9,MATCH("П6",Предметы!$A$2:$A$9,0)),"") | B16: =COUNTIF(Оценки!$C$2:$C$33,"П6") | C16: =IFERROR(ROUND(SUMIF(Оценки!$C$2:$C$33,"П6",Оценки!$E$2:$E$33)/$B16,2),0) | D16: =ROUND($C16,0) | E16: =IF($C16>=Модель!$B$14,0,ROUNDUP(($B16*(Модель!$B$14-$C16))/(5-Модель!$B$14),0)) | F16: =IF($C16>=Модель!$B$14,"цель достигнута",IF($C16>=4,"на грани","нужно подтянуть"))
A17: =IFERROR(INDEX(Предметы!$B$2:$B$9,MATCH("П7",Предметы!$A$2:$A$9,0)),"") | B17: =COUNTIF(Оценки!$C$2:$C$33,"П7") | C17: =IFERROR(ROUND(SUMIF(Оценки!$C$2:$C$33,"П7",Оценки!$E$2:$E$33)/$B17,2),0) | D17: =ROUND($C17,0) | E17: =IF($C17>=Модель!$B$14,0,ROUNDUP(($B17*(Модель!$B$14-$C17))/(5-Модель!$B$14),0)) | F17: =IF($C17>=Модель!$B$14,"цель достигнута",IF($C17>=4,"на грани","нужно подтянуть"))
A18: =IFERROR(INDEX(Предметы!$B$2:$B$9,MATCH("П8",Предметы!$A$2:$A$9,0)),"") | B18: =COUNTIF(Оценки!$C$2:$C$33,"П8") | C18: =IFERROR(ROUND(SUMIF(Оценки!$C$2:$C$33,"П8",Оценки!$E$2:$E$33)/$B18,2),0) | D18: =ROUND($C18,0) | E18: =IF($C18>=Модель!$B$14,0,ROUNDUP(($B18*(Модель!$B$14-$C18))/(5-Модель!$B$14),0)) | F18: =IF($C18>=Модель!$B$14,"цель достигнута",IF($C18>=4,"на грани","нужно подтянуть"))
A20: Цель по среднему баллу
A21: Нужный средний балл | B21: =Модель!$B$14
A22: Предметов, где цель достигнута | B22: =COUNTIF($F$11:$F$18,"цель достигнута")
A23: Предметов «на грани» | B23: =COUNTIF($F$11:$F$18,"на грани")
A24: Предметов, где нужно подтянуть | B24: =COUNTIF($F$11:$F$18,"нужно подтянуть")
A25: Всего пятёрок нужно добрать | B25: =SUM($E$11:$E$18)
