Workbook

Sheet Предметы
A1: Предметы
A3: Код | B3: Предмет
A4: П1 | B4: Информатика
A5: П2 | B5: Алгебра
A6: П3 | B6: Физика
A7: П4 | B7: Русский язык
A8: П5 | B8: История

Sheet Оценки
A1: Журнал оценок
A3: № | B3: Дата | C3: Код | D3: Предмет | E3: Оценка
A4: 1 | B4: 46267 | C4: П1 | D4: =VLOOKUP(C4,Предметы!$A$4:$B$8,2,0) | E4: 5
A5: 2 | B5: 46267 | C5: П2 | D5: =VLOOKUP(C5,Предметы!$A$4:$B$8,2,0) | E5: 4
A6: 3 | B6: 46268 | C6: П4 | D6: =VLOOKUP(C6,Предметы!$A$4:$B$8,2,0) | E6: 4
A7: 4 | B7: 46269 | C7: П3 | D7: =VLOOKUP(C7,Предметы!$A$4:$B$8,2,0) | E7: 3
A8: 5 | B8: 46269 | C8: П5 | D8: =VLOOKUP(C8,Предметы!$A$4:$B$8,2,0) | E8: 5
A9: 6 | B9: 46273 | C9: П1 | D9: =VLOOKUP(C9,Предметы!$A$4:$B$8,2,0) | E9: 5
A10: 7 | B10: 46274 | C10: П2 | D10: =VLOOKUP(C10,Предметы!$A$4:$B$8,2,0) | E10: 5
A11: 8 | B11: 46274 | C11: П3 | D11: =VLOOKUP(C11,Предметы!$A$4:$B$8,2,0) | E11: 4
A12: 9 | B12: 46275 | C12: П4 | D12: =VLOOKUP(C12,Предметы!$A$4:$B$8,2,0) | E12: 3
A13: 10 | B13: 46276 | C13: П5 | D13: =VLOOKUP(C13,Предметы!$A$4:$B$8,2,0) | E13: 4
A14: 11 | B14: 46280 | C14: П1 | D14: =VLOOKUP(C14,Предметы!$A$4:$B$8,2,0) | E14: 4
A15: 12 | B15: 46280 | C15: П2 | D15: =VLOOKUP(C15,Предметы!$A$4:$B$8,2,0) | E15: 3
... A18: 15 | B18: 46283 | C18: П5 | D18: =VLOOKUP(C18,Предметы!$A$4:$B$8,2,0) | E18: 5

Sheet Итоги
A1: Итоги четверти
A3: Нужный средний балл | B3: 4.5
A5: Код | B5: Предмет | C5: Оценок | D5: Средний балл | E5: Итоговая оценка | F5: Пятёрок до цели | G5: Статус
A6: =Предметы!A4 | B6: =VLOOKUP(A6,Предметы!$A$4:$B$8,2,0) | C6: =COUNTIF(Оценки!$C$4:$C$18,A6) | D6: =ROUND(AVERAGEIF(Оценки!$C$4:$C$18,A6,Оценки!$E$4:$E$18),2) | E6: =ROUND(D6,0) | F6: =IF(D6>=$B$3,0,ROUNDUP(C6*($B$3-D6)/(5-$B$3),0)) | G6: =IF(D6>=$B$3,"цель достигнута","нужно подтянуть")
A7: =Предметы!A5 | B7: =VLOOKUP(A7,Предметы!$A$4:$B$8,2,0) | C7: =COUNTIF(Оценки!$C$4:$C$18,A7) | D7: =ROUND(AVERAGEIF(Оценки!$C$4:$C$18,A7,Оценки!$E$4:$E$18),2) | E7: =ROUND(D7,0) | F7: =IF(D7>=$B$3,0,ROUNDUP(C7*($B$3-D7)/(5-$B$3),0)) | G7: =IF(D7>=$B$3,"цель достигнута","нужно подтянуть")
A8: =Предметы!A6 | B8: =VLOOKUP(A8,Предметы!$A$4:$B$8,2,0) | C8: =COUNTIF(Оценки!$C$4:$C$18,A8) | D8: =ROUND(AVERAGEIF(Оценки!$C$4:$C$18,A8,Оценки!$E$4:$E$18),2) | E8: =ROUND(D8,0) | F8: =IF(D8>=$B$3,0,ROUNDUP(C8*($B$3-D8)/(5-$B$3),0)) | G8: =IF(D8>=$B$3,"цель достигнута","нужно подтянуть")
A9: =Предметы!A7 | B9: =VLOOKUP(A9,Предметы!$A$4:$B$8,2,0) | C9: =COUNTIF(Оценки!$C$4:$C$18,A9) | D9: =ROUND(AVERAGEIF(Оценки!$C$4:$C$18,A9,Оценки!$E$4:$E$18),2) | E9: =ROUND(D9,0) | F9: =IF(D9>=$B$3,0,ROUNDUP(C9*($B$3-D9)/(5-$B$3),0)) | G9: =IF(D9>=$B$3,"цель достигнута","нужно подтянуть")
A10: =Предметы!A8 | B10: =VLOOKUP(A10,Предметы!$A$4:$B$8,2,0) | C10: =COUNTIF(Оценки!$C$4:$C$18,A10) | D10: =ROUND(AVERAGEIF(Оценки!$C$4:$C$18,A10,Оценки!$E$4:$E$18),2) | E10: =ROUND(D10,0) | F10: =IF(D10>=$B$3,0,ROUNDUP(C10*($B$3-D10)/(5-$B$3),0)) | G10: =IF(D10>=$B$3,"цель достигнута","нужно подтянуть")
B11: Итого | C11: =SUM(C6:C10) | D11: =ROUND(AVERAGE(Оценки!$E$4:$E$18),2) | F11: =SUM(F6:F10)
A13: Пятёрок | B13: =COUNTIF(Оценки!$E$4:$E$18,5)
A14: Четвёрок | B14: =COUNTIF(Оценки!$E$4:$E$18,4)
A15: Троек | B15: =COUNTIF(Оценки!$E$4:$E$18,3)
