Workbook

Sheet Модель
A1: Информационная модель «Школьная библиотека»
A3: Цель модели
A4: Отслеживать движение книжного фонда школьной библиотеки: какие книги выданы, кому, когда их нужно вернуть, сколько экземпляров свободно и какие разделы фонда пользуются наибольшим спросом.
A6: Вопросы, на которые отвечает модель
A7: 1. Сколько экземпляров каждой книги сейчас свободно, а сколько на руках?
A8: 2. У кого из читателей просрочен возврат и на сколько дней?
A9: 3. Какие разделы фонда самые востребованные (что докупать)?
A10: 4. Какой класс читает активнее других?
A12: Тип модели: знаковая, табличная (реляционная) — три связанные таблицы «Книги», «Читатели», «Выдачи» и расчётный лист «Итоги».
A14: Существенные свойства системы
A15: Учитываются: книга (автор, название, раздел, год, число экземпляров), читатель (ФИО, класс), факт выдачи (что, кому, когда, срок, возврат).
A16: Не учитываются как несущественные для цели: физическое состояние книги, издательство, цена, расположение на полке, читательский формуляр на бумаге.
A18: Параметры модели (синие ячейки можно менять — «эксперимент» с моделью)
A19: Срок пользования книгой, дней | B19: 14
A20: Расчётная («сегодняшняя») дата | B20: 46285
A22: Легенда: синий шрифт — исходные данные, вводимые вручную; чёрный — формулы.
A23: Данные учебные, вымышленные; составлены автором работы.

Sheet Книги
A1: Код книги | B1: Автор | C1: Название | D1: Раздел | E1: Год издания | F1: Всего экземпляров
A2: K01 | B2: А. С. Пушкин | C2: Капитанская дочка | D2: Классика | E2: 2019 | F2: 5
A3: K02 | B3: М. Ю. Лермонтов | C3: Герой нашего времени | D3: Классика | E3: 2020 | F3: 4
A4: K03 | B4: Л. Н. Толстой | C4: Война и мир, том 1 | D4: Классика | E4: 2018 | F4: 3
A5: K04 | B5: Н. В. Гоголь | C5: Мёртвые души | D5: Классика | E5: 2021 | F5: 4
A6: K05 | B6: А. П. Чехов | C6: Рассказы | D6: Классика | E6: 2017 | F6: 6
A7: K06 | B7: Д. Ю. Усенков | C7: Информатика. 11 класс | D7: Учебники | E7: 2022 | F7: 12
A8: K07 | B8: А. Г. Мордкович | C8: Алгебра. 11 класс | D8: Учебники | E8: 2022 | F8: 12
A9: K08 | B9: Г. Я. Мякишев | C9: Физика. 11 класс | D9: Учебники | E9: 2021 | F9: 10
A10: K09 | B10: С. Хокинг | C10: Краткая история времени | D10: Научно-популярная | E10: 2019 | F10: 2
A11: K10 | B11: Я. И. Перельман | C11: Занимательная физика | D11: Научно-популярная | E11: 2016 | F11: 3
A12: K11 | B12: Дж. Оруэлл | C12: 1984 | D12: Зарубежная проза | E12: 2020 | F12: 3
A13: K12 | B13: Р. Брэдбери | C13: 451 градус по Фаренгейту | D13: Зарубежная проза | E13: 2018 | F13: 2

Sheet Читатели
A1: Код читателя | B1: ФИО | C1: Класс
A2: R01 | B2: Антонов Артём | C2: 11А
A3: R02 | B3: Белова Мария | C3: 11А
A4: R03 | B4: Волков Игорь | C4: 11Б
A5: R04 | B5: Гришина Ольга | C5: 10А
A6: R05 | B6: Дмитриев Пётр | C6: 11Б
A7: R06 | B7: Егорова Анна | C7: 10А
A8: R07 | B8: Жуков Никита | C8: 9В
A9: R08 | B9: Зайцева Дарья | C9: 11А
A10: R09 | B10: Иванов Сергей | C10: 10Б
A11: R10 | B11: Кузнецова Вера | C11: 9В

Sheet Выдачи
A1: № | B1: Код книги | C1: Название (авто) | D1: Код читателя | E1: Читатель (авто) | F1: Класс (авто) | G1: Раздел (авто) | H1: Дата выдачи | I1: Вернуть до (авто) | J1: Дата возврата | K1: Статус (авто) | L1: Дней просрочки (авто)
A2: 1 | B2: K01 | C2: =IFERROR(INDEX(Книги!$C$2:$C$13,MATCH($B2,Книги!$A$2:$A$13,0)),"нет такой книги") | D2: R01 | E2: =IFERROR(INDEX(Читатели!$B$2:$B$11,MATCH($D2,Читатели!$A$2:$A$11,0)),"нет читателя") | F2: =IFERROR(INDEX(Читатели!$C$2:$C$11,MATCH($D2,Читатели!$A$2:$A$11,0)),"") | G2: =IFERROR(INDEX(Книги!$D$2:$D$13,MATCH($B2,Книги!$A$2:$A$13,0)),"") | H2: 46266 | I2: =$H2+Модель!$B$19 | J2: 46277 | K2: =IF($J2="",IF(Модель!$B$20>$I2,"Просрочено","На руках"),IF($J2>$I2,"Возвращено с опозданием","Возвращено")) | L2: =IF($J2="",MAX(0,Модель!$B$20-$I2),MAX(0,$J2-$I2))
A3: 2 | B3: K01 | C3: =IFERROR(INDEX(Книги!$C$2:$C$13,MATCH($B3,Книги!$A$2:$A$13,0)),"нет такой книги") | D3: R04 | E3: =IFERROR(INDEX(Читатели!$B$2:$B$11,MATCH($D3,Читатели!$A$2:$A$11,0)),"нет читателя") | F3: =IFERROR(INDEX(Читатели!$C$2:$C$11,MATCH($D3,Читатели!$A$2:$A$11,0)),"") | G3: =IFERROR(INDEX(Книги!$D$2:$D$13,MATCH($B3,Книги!$A$2:$A$13,0)),"") | H3: 46268 | I3: =$H3+Модель!$B$19 | K3: =IF($J3="",IF(Модель!$B$20>$I3,"Просрочено","На руках"),IF($J3>$I3,"Возвращено с опозданием","Возвращено")) | L3: =IF($J3="",MAX(0,Модель!$B$20-$I3),MAX(0,$J3-$I3))
A4: 3 | B4: K02 | C4: =IFERROR(INDEX(Книги!$C$2:$C$13,MATCH($B4,Книги!$A$2:$A$13,0)),"нет такой книги") | D4: R02 | E4: =IFERROR(INDEX(Читатели!$B$2:$B$11,MATCH($D4,Читатели!$A$2:$A$11,0)),"нет читателя") | F4: =IFERROR(INDEX(Читатели!$C$2:$C$11,MATCH($D4,Читатели!$A$2:$A$11,0)),"") | G4: =IFERROR(INDEX(Книги!$D$2:$D$13,MATCH($B4,Книги!$A$2:$A$13,0)),"") | H4: 46259 | I4: =$H4+Модель!$B$19 | J4: 46275 | K4: =IF($J4="",IF(Модель!$B$20>$I4,"Просрочено","На руках"),IF($J4>$I4,"Возвращено с опозданием","Возвращено")) | L4: =IF($J4="",MAX(0,Модель!$B$20-$I4),MAX(0,$J4-$I4))
A5: 4 | B5: K03 | C5: =IFERROR(INDEX(Книги!$C$2:$C$13,MATCH($B5,Книги!$A$2:$A$13,0)),"нет такой книги") | D5: R03 | E5: =IFERROR(INDEX(Читатели!$B$2:$B$11,MATCH($D5,Читатели!$A$2:$A$11,0)),"нет читателя") | F5: =IFERROR(INDEX(Читатели!$C$2:$C$11,MATCH($D5,Читатели!$A$2:$A$11,0)),"") | G5: =IFERROR(INDEX(Книги!$D$2:$D$13,MATCH($B5,Книги!$A$2:$A$13,0)),"") | H5: 46270 | I5: =$H5+Модель!$B$19 | K5: =IF($J5="",IF(Модель!$B$20>$I5,"Просрочено","На руках"),IF($J5>$I5,"Возвращено с опозданием","Возвращено")) | L5: =IF($J5="",MAX(0,Модель!$B$20-$I5),MAX(0,$J5-$I5))
A6: 5 | B6: K04 | C6: =IFERROR(INDEX(Книги!$C$2:$C$13,MATCH($B6,Книги!$A$2:$A$13,0)),"нет такой книги") | D6: R05 | E6: =IFERROR(INDEX(Читатели!$B$2:$B$11,MATCH($D6,Читатели!$A$2:$A$11,0)),"нет читателя") | F6: =IFERROR(INDEX(Читатели!$C$2:$C$11,MATCH($D6,Читатели!$A$2:$A$11,0)),"") | G6: =IFERROR(INDEX(Книги!$D$2:$D$13,MATCH($B6,Книги!$A$2:$A$13,0)),"") | H6: 46254 | I6: =$H6+Модель!$B$19 | K6: =IF($J6="",IF(Модель!$B$20>$I6,"Просрочено","На руках"),IF($J6>$I6,"Возвращено с опозданием","Возвращено")) | L6: =IF($J6="",MAX(0,Модель!$B$20-$I6),MAX(0,$J6-$I6))
A7: 6 | B7: K05 | C7: =IFERROR(INDEX(Книги!$C$2:$C$13,MATCH($B7,Книги!$A$2:$A$13,0)),"нет такой книги") | D7: R06 | E7: =IFERROR(INDEX(Читатели!$B$2:$B$11,MATCH($D7,Читатели!$A$2:$A$11,0)),"нет читателя") | F7: =IFERROR(INDEX(Читатели!$C$2:$C$11,MATCH($D7,Читатели!$A$2:$A$11,0)),"") | G7: =IFERROR(INDEX(Книги!$D$2:$D$13,MATCH($B7,Книги!$A$2:$A$13,0)),"") | H7: 46273 | I7: =$H7+Модель!$B$19 | K7: =IF($J7="",IF(Модель!$B$20>$I7,"Просрочено","На руках"),IF($J7>$I7,"Возвращено с опозданием","Возвращено")) | L7: =IF($J7="",MAX(0,Модель!$B$20-$I7),MAX(0,$J7-$I7))
A8: 7 | B8: K05 | C8: =IFERROR(INDEX(Книги!$C$2:$C$13,MATCH($B8,Книги!$A$2:$A$13,0)),"нет такой книги") | D8: R07 | E8: =IFERROR(INDEX(Читатели!$B$2:$B$11,MATCH($D8,Читатели!$A$2:$A$11,0)),"нет читателя") | F8: =IFERROR(INDEX(Читатели!$C$2:$C$11,MATCH($D8,Читатели!$A$2:$A$11,0)),"") | G8: =IFERROR(INDEX(Книги!$D$2:$D$13,MATCH($B8,Книги!$A$2:$A$13,0)),"") | H8: 46274 | I8: =$H8+Модель!$B$19 | J8: 46283 | K8: =IF($J8="",IF(Модель!$B$20>$I8,"Просрочено","На руках"),IF($J8>$I8,"Возвращено с опозданием","Возвращено")) | L8: =IF($J8="",MAX(0,Модель!$B$20-$I8),MAX(0,$J8-$I8))
A9: 8 | B9: K06 | C9: =IFERROR(INDEX(Книги!$C$2:$C$13,MATCH($B9,Книги!$A$2:$A$13,0)),"нет такой книги") | D9: R01 | E9: =IFERROR(INDEX(Читатели!$B$2:$B$11,MATCH($D9,Читатели!$A$2:$A$11,0)),"нет читателя") | F9: =IFERROR(INDEX(Читатели!$C$2:$C$11,MATCH($D9,Читатели!$A$2:$A$11,0)),"") | G9: =IFERROR(INDEX(Книги!$D$2:$D$13,MATCH($B9,Книги!$A$2:$A$13,0)),"") | H9: 46266 | I9: =$H9+Модель!$B$19 | K9: =IF($J9="",IF(Модель!$B$20>$I9,"Просрочено","На руках"),IF($J9>$I9,"Возвращено с опозданием","Возвращено")) | L9: =IF($J9="",MAX(0,Модель!$B$20-$I9),MAX(0,$J9-$I9))
A10: 9 | B10: K06 | C10: =IFERROR(INDEX(Книги!$C$2:$C$13,MATCH($B10,Книги!$A$2:$A$13,0)),"нет такой книги") | D10: R02 | E10: =IFERROR(INDEX(Читатели!$B$2:$B$11,MATCH($D10,Читатели!$A$2:$A$11,0)),"нет читателя") | F10: =IFERROR(INDEX(Читатели!$C$2:$C$11,MATCH($D10,Читатели!$A$2:$A$11,0)),"") | G10: =IFERROR(INDEX(Книги!$D$2:$D$13,MATCH($B10,Книги!$A$2:$A$13,0)),"") | H10: 46266 | I10: =$H10+Модель!$B$19 | K10: =IF($J10="",IF(Модель!$B$20>$I10,"Просрочено","На руках"),IF($J10>$I10,"Возвращено с опозданием","Возвращено")) | L10: =IF($J10="",MAX(0,Модель!$B$20-$I10),MAX(0,$J10-$I10))
A11: 10 | B11: K06 | C11: =IFERROR(INDEX(Книги!$C$2:$C$13,MATCH($B11,Книги!$A$2:$A$13,0)),"нет такой книги") | D11: R08 | E11: =IFERROR(INDEX(Читатели!$B$2:$B$11,MATCH($D11,Читатели!$A$2:$A$11,0)),"нет читателя") | F11: =IFERROR(INDEX(Читатели!$C$2:$C$11,MATCH($D11,Читатели!$A$2:$A$11,0)),"") | G11: =IFERROR(INDEX(Книги!$D$2:$D$13,MATCH($B11,Книги!$A$2:$A$13,0)),"") | H11: 46266 | I11: =$H11+Модель!$B$19 | K11: =IF($J11="",IF(Модель!$B$20>$I11,"Просрочено","На руках"),IF($J11>$I11,"Возвращено с опозданием","Возвращено")) | L11: =IF($J11="",MAX(0,Модель!$B$20-$I11),MAX(0,$J11-$I11))
A12: 11 | B12: K07 | C12: =IFERROR(INDEX(Книги!$C$2:$C$13,MATCH($B12,Книги!$A$2:$A$13,0)),"нет такой книги") | D12: R01 | E12: =IFERROR(INDEX(Читатели!$B$2:$B$11,MATCH($D12,Читатели!$A$2:$A$11,0)),"нет читателя") | F12: =IFERROR(INDEX(Читатели!$C$2:$C$11,MATCH($D12,Читатели!$A$2:$A$11,0)),"") | G12: =IFERROR(INDEX(Книги!$D$2:$D$13,MATCH($B12,Книги!$A$2:$A$13,0)),"") | H12: 46266 | I12: =$H12+Модель!$B$19 | K12: =IF($J12="",IF(Модель!$B$20>$I12,"Просрочено","На руках"),IF($J12>$I12,"Возвращено с опозданием","Возвращено")) | L12: =IF($J12="",MAX(0,Модель!$B$20-$I12),MAX(0,$J12-$I12))
A13: 12 | B13: K07 | C13: =IFERROR(INDEX(Книги!$C$2:$C$13,MATCH($B13,Книги!$A$2:$A$13,0)),"нет такой книги") | D13: R03 | E13: =IFERROR(INDEX(Читатели!$B$2:$B$11,MATCH($D13,Читатели!$A$2:$A$11,0)),"нет читателя") | F13: =IFERROR(INDEX(Читатели!$C$2:$C$11,MATCH($D13,Читатели!$A$2:$A$11,0)),"") | G13: =IFERROR(INDEX(Книги!$D$2:$D$13,MATCH($B13,Книги!$A$2:$A$13,0)),"") | H13: 46267 | I13: =$H13+Модель!$B$19 | K13: =IF($J13="",IF(Модель!$B$20>$I13,"Просрочено","На руках"),IF($J13>$I13,"Возвращено с опозданием","Возвращено")) | L13: =IF($J13="",MAX(0,Модель!$B$20-$I13),MAX(0,$J13-$I13))
A14: 13 | B14: K08 | C14: =IFERROR(INDEX(Книги!$C$2:$C$13,MATCH($B14,Книги!$A$2:$A$13,0)),"нет такой книги") | D14: R05 | E14: =IFERROR(INDEX(Читатели!$B$2:$B$11,MATCH($D14,Читатели!$A$2:$A$11,0)),"нет читателя") | F14: =IFERROR(INDEX(Читатели!$C$2:$C$11,MATCH($D14,Читатели!$A$2:$A$11,0)),"") | G14: =IFERROR(INDEX(Книги!$D$2:$D$13,MATCH($B14,Книги!$A$2:$A$13,0)),"") | H14: 46267 | I14: =$H14+Модель!$B$19 | K14: =IF($J14="",IF(Модель!$B$20>$I14,"Просрочено","На руках"),IF($J14>$I14,"Возвращено с опозданием","Возвращено")) | L14: =IF($J14="",MAX(0,Модель!$B$20-$I14),MAX(0,$J14-$I14))
A15: 14 | B15: K08 | C15: =IFERROR(INDEX(Книги!$C$2:$C$13,MATCH($B15,Книги!$A$2:$A$13,0)),"нет такой книги") | D15: R08 | E15: =IFERROR(INDEX(Читатели!$B$2:$B$11,MATCH($D15,Читатели!$A$2:$A$11,0)),"нет читателя") | F15: =IFERROR(INDEX(Читатели!$C$2:$C$11,MATCH($D15,Читатели!$A$2:$A$11,0)),"") | G15: =IFERROR(INDEX(Книги!$D$2:$D$13,MATCH($B15,Книги!$A$2:$A$13,0)),"") | H15: 46267 | I15: =$H15+Модель!$B$19 | K15: =IF($J15="",IF(Модель!$B$20>$I15,"Просрочено","На руках"),IF($J15>$I15,"Возвращено с опозданием","Возвращено")) | L15: =IF($J15="",MAX(0,Модель!$B$20-$I15),MAX(0,$J15-$I15))
A16: 15 | B16: K09 | C16: =IFERROR(INDEX(Книги!$C$2:$C$13,MATCH($B16,Книги!$A$2:$A$13,0)),"нет такой книги") | D16: R09 | E16: =IFERROR(INDEX(Читатели!$B$2:$B$11,MATCH($D16,Читатели!$A$2:$A$11,0)),"нет читателя") | F16: =IFERROR(INDEX(Читатели!$C$2:$C$11,MATCH($D16,Читатели!$A$2:$A$11,0)),"") | G16: =IFERROR(INDEX(Книги!$D$2:$D$13,MATCH($B16,Книги!$A$2:$A$13,0)),"") | H16: 46262 | I16: =$H16+Модель!$B$19 | K16: =IF($J16="",IF(Модель!$B$20>$I16,"Просрочено","На руках"),IF($J16>$I16,"Возвращено с опозданием","Возвращено")) | L16: =IF($J16="",MAX(0,Модель!$B$20-$I16),MAX(0,$J16-$I16))
A17: 16 | B17: K09 | C17: =IFERROR(INDEX(Книги!$C$2:$C$13,MATCH($B17,Книги!$A$2:$A$13,0)),"нет такой книги") | D17: R02 | E17: =IFERROR(INDEX(Читатели!$B$2:$B$11,MATCH($D17,Читатели!$A$2:$A$11,0)),"нет читателя") | F17: =IFERROR(INDEX(Читатели!$C$2:$C$11,MATCH($D17,Читатели!$A$2:$A$11,0)),"") | G17: =IFERROR(INDEX(Книги!$D$2:$D$13,MATCH($B17,Книги!$A$2:$A$13,0)),"") | H17: 46280 | I17: =$H17+Модель!$B$19 | K17: =IF($J17="",IF(Модель!$B$20>$I17,"Просрочено","На руках"),IF($J17>$I17,"Возвращено с опозданием","Возвращено")) | L17: =IF($J17="",MAX(0,Модель!$B$20-$I17),MAX(0,$J17-$I17))
A18: 17 | B18: K10 | C18: =IFERROR(INDEX(Книги!$C$2:$C$13,MATCH($B18,Книги!$A$2:$A$13,0)),"нет такой книги") | D18: R10 | E18: =IFERROR(INDEX(Читатели!$B$2:$B$11,MATCH($D18,Читатели!$A$2:$A$11,0)),"нет читателя") | F18: =IFERROR(INDEX(Читатели!$C$2:$C$11,MATCH($D18,Читатели!$A$2:$A$11,0)),"") | G18: =IFERROR(INDEX(Книги!$D$2:$D$13,MATCH($B18,Книги!$A$2:$A$13,0)),"") | H18: 46275 | I18: =$H18+Модель!$B$19 | J18: 46282 | K18: =IF($J18="",IF(Модель!$B$20>$I18,"Просрочено","На руках"),IF($J18>$I18,"Возвращено с опозданием","Возвращено")) | L18: =IF($J18="",MAX(0,Модель!$B$20-$I18),MAX(0,$J18-$I18))
A19: 18 | B19: K10 | C19: =IFERROR(INDEX(Книги!$C$2:$C$13,MATCH($B19,Книги!$A$2:$A$13,0)),"нет такой книги") | D19: R07 | E19: =IFERROR(INDEX(Читатели!$B$2:$B$11,MATCH($D19,Читатели!$A$2:$A$11,0)),"нет читателя") | F19: =IFERROR(INDEX(Читатели!$C$2:$C$11,MATCH($D19,Читатели!$A$2:$A$11,0)),"") | G19: =IFERROR(INDEX(Книги!$D$2:$D$13,MATCH($B19,Книги!$A$2:$A$13,0)),"") | H19: 46277 | I19: =$H19+Модель!$B$19 | K19: =IF($J19="",IF(Модель!$B$20>$I19,"Просрочено","На руках"),IF($J19>$I19,"Возвращено с опозданием","Возвращено")) | L19: =IF($J19="",MAX(0,Модель!$B$20-$I19),MAX(0,$J19-$I19))
A20: 19 | B20: K11 | C20: =IFERROR(INDEX(Книги!$C$2:$C$13,MATCH($B20,Книги!$A$2:$A$13,0)),"нет такой книги") | D20: R08 | E20: =IFERROR(INDEX(Читатели!$B$2:$B$11,MATCH($D20,Читатели!$A$2:$A$11,0)),"нет читателя") | F20: =IFERROR(INDEX(Читатели!$C$2:$C$11,MATCH($D20,Читатели!$A$2:$A$11,0)),"") | G20: =IFERROR(INDEX(Книги!$D$2:$D$13,MATCH($B20,Книги!$A$2:$A$13,0)),"") | H20: 46264 | I20: =$H20+Модель!$B$19 | K20: =IF($J20="",IF(Модель!$B$20>$I20,"Просрочено","На руках"),IF($J20>$I20,"Возвращено с опозданием","Возвращено")) | L20: =IF($J20="",MAX(0,Модель!$B$20-$I20),MAX(0,$J20-$I20))
A21: 20 | B21: K11 | C21: =IFERROR(INDEX(Книги!$C$2:$C$13,MATCH($B21,Книги!$A$2:$A$13,0)),"нет такой книги") | D21: R04 | E21: =IFERROR(INDEX(Читатели!$B$2:$B$11,MATCH($D21,Читатели!$A$2:$A$11,0)),"нет читателя") | F21: =IFERROR(INDEX(Читатели!$C$2:$C$11,MATCH($D21,Читатели!$A$2:$A$11,0)),"") | G21: =IFERROR(INDEX(Книги!$D$2:$D$13,MATCH($B21,Книги!$A$2:$A$13,0)),"") | H21: 46279 | I21: =$H21+Модель!$B$19 | K21: =IF($J21="",IF(Модель!$B$20>$I21,"Просрочено","На руках"),IF($J21>$I21,"Возвращено с опозданием","Возвращено")) | L21: =IF($J21="",MAX(0,Модель!$B$20-$I21),MAX(0,$J21-$I21))
A22: 21 | B22: K12 | C22: =IFERROR(INDEX(Книги!$C$2:$C$13,MATCH($B22,Книги!$A$2:$A$13,0)),"нет такой книги") | D22: R06 | E22: =IFERROR(INDEX(Читатели!$B$2:$B$11,MATCH($D22,Читатели!$A$2:$A$11,0)),"нет читателя") | F22: =IFERROR(INDEX(Читатели!$C$2:$C$11,MATCH($D22,Читатели!$A$2:$A$11,0)),"") | G22: =IFERROR(INDEX(Книги!$D$2:$D$13,MATCH($B22,Книги!$A$2:$A$13,0)),"") | H22: 46269 | I22: =$H22+Модель!$B$19 | J22: 46284 | K22: =IF($J22="",IF(Модель!$B$20>$I22,"Просрочено","На руках"),IF($J22>$I22,"Возвращено с опозданием","Возвращено")) | L22: =IF($J22="",MAX(0,Модель!$B$20-$I22),MAX(0,$J22-$I22))
A23: 22 | B23: K12 | C23: =IFERROR(INDEX(Книги!$C$2:$C$13,MATCH($B23,Книги!$A$2:$A$13,0)),"нет такой книги") | D23: R09 | E23: =IFERROR(INDEX(Читатели!$B$2:$B$11,MATCH($D23,Читатели!$A$2:$A$11,0)),"нет читателя") | F23: =IFERROR(INDEX(Читатели!$C$2:$C$11,MATCH($D23,Читатели!$A$2:$A$11,0)),"") | G23: =IFERROR(INDEX(Книги!$D$2:$D$13,MATCH($B23,Книги!$A$2:$A$13,0)),"") | H23: 46281 | I23: =$H23+Модель!$B$19 | K23: =IF($J23="",IF(Модель!$B$20>$I23,"Просрочено","На руках"),IF($J23>$I23,"Возвращено с опозданием","Возвращено")) | L23: =IF($J23="",MAX(0,Модель!$B$20-$I23),MAX(0,$J23-$I23))
A24: 23 | B24: K01 | C24: =IFERROR(INDEX(Книги!$C$2:$C$13,MATCH($B24,Книги!$A$2:$A$13,0)),"нет такой книги") | D24: R10 | E24: =IFERROR(INDEX(Читатели!$B$2:$B$11,MATCH($D24,Читатели!$A$2:$A$11,0)),"нет читателя") | F24: =IFERROR(INDEX(Читатели!$C$2:$C$11,MATCH($D24,Читатели!$A$2:$A$11,0)),"") | G24: =IFERROR(INDEX(Книги!$D$2:$D$13,MATCH($B24,Книги!$A$2:$A$13,0)),"") | H24: 46281 | I24: =$H24+Модель!$B$19 | K24: =IF($J24="",IF(Модель!$B$20>$I24,"Просрочено","На руках"),IF($J24>$I24,"Возвращено с опозданием","Возвращено")) | L24: =IF($J24="",MAX(0,Модель!$B$20-$I24),MAX(0,$J24-$I24))
A25: 24 | B25: K04 | C25: =IFERROR(INDEX(Книги!$C$2:$C$13,MATCH($B25,Книги!$A$2:$A$13,0)),"нет такой книги") | D25: R07 | E25: =IFERROR(INDEX(Читатели!$B$2:$B$11,MATCH($D25,Читатели!$A$2:$A$11,0)),"нет читателя") | F25: =IFERROR(INDEX(Читатели!$C$2:$C$11,MATCH($D25,Читатели!$A$2:$A$11,0)),"") | G25: =IFERROR(INDEX(Книги!$D$2:$D$13,MATCH($B25,Книги!$A$2:$A$13,0)),"") | H25: 46282 | I25: =$H25+Модель!$B$19 | K25: =IF($J25="",IF(Модель!$B$20>$I25,"Просрочено","На руках"),IF($J25>$I25,"Возвращено с опозданием","Возвращено")) | L25: =IF($J25="",MAX(0,Модель!$B$20-$I25),MAX(0,$J25-$I25))
A26: 25 | B26: K05 | C26: =IFERROR(INDEX(Книги!$C$2:$C$13,MATCH($B26,Книги!$A$2:$A$13,0)),"нет такой книги") | D26: R09 | E26: =IFERROR(INDEX(Читатели!$B$2:$B$11,MATCH($D26,Читатели!$A$2:$A$11,0)),"нет читателя") | F26: =IFERROR(INDEX(Читатели!$C$2:$C$11,MATCH($D26,Читатели!$A$2:$A$11,0)),"") | G26: =IFERROR(INDEX(Книги!$D$2:$D$13,MATCH($B26,Книги!$A$2:$A$13,0)),"") | H26: 46283 | I26: =$H26+Модель!$B$19 | K26: =IF($J26="",IF(Модель!$B$20>$I26,"Просрочено","На руках"),IF($J26>$I26,"Возвращено с опозданием","Возвращено")) | L26: =IF($J26="",MAX(0,Модель!$B$20-$I26),MAX(0,$J26-$I26))

Sheet Итоги
A1: Результаты моделирования
A3: Общие показатели
A4: Наименований книг в фонде | B4: =COUNTA(Книги!$A$2:$A$13)
A5: Всего экземпляров в фонде | B5: =SUM(Книги!$F$2:$F$13)
A6: Зарегистрировано читателей | B6: =COUNTA(Читатели!$A$2:$A$11)
A7: Всего записей о выдаче | B7: =COUNTA(Выдачи!$B$2:$B$26)
A8: Сейчас на руках (экз.) | B8: =COUNTIF(Выдачи!$K$2:$K$26,"На руках")+COUNTIF(Выдачи!$K$2:$K$26,"Просрочено")
A9: Из них просрочено | B9: =COUNTIF(Выдачи!$K$2:$K$26,"Просрочено")
A10: Возвращено вовремя | B10: =COUNTIF(Выдачи!$K$2:$K$26,"Возвращено")
A11: Возвращено с опозданием | B11: =COUNTIF(Выдачи!$K$2:$K$26,"Возвращено с опозданием")
A12: Доля возвратов с опозданием | B12: =IFERROR((COUNTIF(Выдачи!$K$2:$K$26,"Возвращено с опозданием"))/(COUNTIF(Выдачи!$K$2:$K$26,"Возвращено")+COUNTIF(Выдачи!$K$2:$K$26,"Возвращено с опозданием")),0)
A14: Занятость фонда по книгам
A15: Код | B15: Название | C15: Всего экз. | D15: На руках | E15: Свободно | F15: Выдавалась всего, раз
A16: =Книги!$A2 | B16: =Книги!$C2 | C16: =Книги!$F2 | D16: =COUNTIFS(Выдачи!$B$2:$B$26,$A16,Выдачи!$K$2:$K$26,"На руках")+COUNTIFS(Выдачи!$B$2:$B$26,$A16,Выдачи!$K$2:$K$26,"Просрочено") | E16: =$C16-$D16 | F16: =COUNTIF(Выдачи!$B$2:$B$26,$A16)
A17: =Книги!$A3 | B17: =Книги!$C3 | C17: =Книги!$F3 | D17: =COUNTIFS(Выдачи!$B$2:$B$26,$A17,Выдачи!$K$2:$K$26,"На руках")+COUNTIFS(Выдачи!$B$2:$B$26,$A17,Выдачи!$K$2:$K$26,"Просрочено") | E17: =$C17-$D17 | F17: =COUNTIF(Выдачи!$B$2:$B$26,$A17)
A18: =Книги!$A4 | B18: =Книги!$C4 | C18: =Книги!$F4 | D18: =COUNTIFS(Выдачи!$B$2:$B$26,$A18,Выдачи!$K$2:$K$26,"На руках")+COUNTIFS(Выдачи!$B$2:$B$26,$A18,Выдачи!$K$2:$K$26,"Просрочено") | E18: =$C18-$D18 | F18: =COUNTIF(Выдачи!$B$2:$B$26,$A18)
A19: =Книги!$A5 | B19: =Книги!$C5 | C19: =Книги!$F5 | D19: =COUNTIFS(Выдачи!$B$2:$B$26,$A19,Выдачи!$K$2:$K$26,"На руках")+COUNTIFS(Выдачи!$B$2:$B$26,$A19,Выдачи!$K$2:$K$26,"Просрочено") | E19: =$C19-$D19 | F19: =COUNTIF(Выдачи!$B$2:$B$26,$A19)
A20: =Книги!$A6 | B20: =Книги!$C6 | C20: =Книги!$F6 | D20: =COUNTIFS(Выдачи!$B$2:$B$26,$A20,Выдачи!$K$2:$K$26,"На руках")+COUNTIFS(Выдачи!$B$2:$B$26,$A20,Выдачи!$K$2:$K$26,"Просрочено") | E20: =$C20-$D20 | F20: =COUNTIF(Выдачи!$B$2:$B$26,$A20)
A21: =Книги!$A7 | B21: =Книги!$C7 | C21: =Книги!$F7 | D21: =COUNTIFS(Выдачи!$B$2:$B$26,$A21,Выдачи!$K$2:$K$26,"На руках")+COUNTIFS(Выдачи!$B$2:$B$26,$A21,Выдачи!$K$2:$K$26,"Просрочено") | E21: =$C21-$D21 | F21: =COUNTIF(Выдачи!$B$2:$B$26,$A21)
A22: =Книги!$A8 | B22: =Книги!$C8 | C22: =Книги!$F8 | D22: =COUNTIFS(Выдачи!$B$2:$B$26,$A22,Выдачи!$K$2:$K$26,"На руках")+COUNTIFS(Выдачи!$B$2:$B$26,$A22,Выдачи!$K$2:$K$26,"Просрочено") | E22: =$C22-$D22 | F22: =COUNTIF(Выдачи!$B$2:$B$26,$A22)
A23: =Книги!$A9 | B23: =Книги!$C9 | C23: =Книги!$F9 | D23: =COUNTIFS(Выдачи!$B$2:$B$26,$A23,Выдачи!$K$2:$K$26,"На руках")+COUNTIFS(Выдачи!$B$2:$B$26,$A23,Выдачи!$K$2:$K$26,"Просрочено") | E23: =$C23-$D23 | F23: =COUNTIF(Выдачи!$B$2:$B$26,$A23)
A24: =Книги!$A10 | B24: =Книги!$C10 | C24: =Книги!$F10 | D24: =COUNTIFS(Выдачи!$B$2:$B$26,$A24,Выдачи!$K$2:$K$26,"На руках")+COUNTIFS(Выдачи!$B$2:$B$26,$A24,Выдачи!$K$2:$K$26,"Просрочено") | E24: =$C24-$D24 | F24: =COUNTIF(Выдачи!$B$2:$B$26,$A24)
A25: =Книги!$A11 | B25: =Книги!$C11 | C25: =Книги!$F11 | D25: =COUNTIFS(Выдачи!$B$2:$B$26,$A25,Выдачи!$K$2:$K$26,"На руках")+COUNTIFS(Выдачи!$B$2:$B$26,$A25,Выдачи!$K$2:$K$26,"Просрочено") | E25: =$C25-$D25 | F25: =COUNTIF(Выдачи!$B$2:$B$26,$A25)
A26: =Книги!$A12 | B26: =Книги!$C12 | C26: =Книги!$F12 | D26: =COUNTIFS(Выдачи!$B$2:$B$26,$A26,Выдачи!$K$2:$K$26,"На руках")+COUNTIFS(Выдачи!$B$2:$B$26,$A26,Выдачи!$K$2:$K$26,"Просрочено") | E26: =$C26-$D26 | F26: =COUNTIF(Выдачи!$B$2:$B$26,$A26)
A27: =Книги!$A13 | B27: =Книги!$C13 | C27: =Книги!$F13 | D27: =COUNTIFS(Выдачи!$B$2:$B$26,$A27,Выдачи!$K$2:$K$26,"На руках")+COUNTIFS(Выдачи!$B$2:$B$26,$A27,Выдачи!$K$2:$K$26,"Просрочено") | E27: =$C27-$D27 | F27: =COUNTIF(Выдачи!$B$2:$B$26,$A27)
B28: Итого | C28: =SUM(C16:C27) | D28: =SUM(D16:D27) | E28: =SUM(E16:E27) | F28: =SUM(F16:F27)
A30: Спрос по разделам фонда
A31: Раздел | B31: Выдач всего | C31: Сейчас на руках
A32: Классика | B32: =COUNTIF(Выдачи!$G$2:$G$26,$A32) | C32: =COUNTIFS(Выдачи!$G$2:$G$26,$A32,Выдачи!$K$2:$K$26,"На руках")+COUNTIFS(Выдачи!$G$2:$G$26,$A32,Выдачи!$K$2:$K$26,"Просрочено")
A33: Учебники | B33: =COUNTIF(Выдачи!$G$2:$G$26,$A33) | C33: =COUNTIFS(Выдачи!$G$2:$G$26,$A33,Выдачи!$K$2:$K$26,"На руках")+COUNTIFS(Выдачи!$G$2:$G$26,$A33,Выдачи!$K$2:$K$26,"Просрочено")
A34: Научно-популярная | B34: =COUNTIF(Выдачи!$G$2:$G$26,$A34) | C34: =COUNTIFS(Выдачи!$G$2:$G$26,$A34,Выдачи!$K$2:$K$26,"На руках")+COUNTIFS(Выдачи!$G$2:$G$26,$A34,Выдачи!$K$2:$K$26,"Просрочено")
A35: Зарубежная проза | B35: =COUNTIF(Выдачи!$G$2:$G$26,$A35) | C35: =COUNTIFS(Выдачи!$G$2:$G$26,$A35,Выдачи!$K$2:$K$26,"На руках")+COUNTIFS(Выдачи!$G$2:$G$26,$A35,Выдачи!$K$2:$K$26,"Просрочено")
A37: Активность классов
A38: Класс | B38: Выдач всего | C38: Читателей в базе
A39: 9В | B39: =COUNTIF(Выдачи!$F$2:$F$26,$A39) | C39: =COUNTIF(Читатели!$C$2:$C$11,$A39)
A40: 10А | B40: =COUNTIF(Выдачи!$F$2:$F$26,$A40) | C40: =COUNTIF(Читатели!$C$2:$C$11,$A40)
A41: 10Б | B41: =COUNTIF(Выдачи!$F$2:$F$26,$A41) | C41: =COUNTIF(Читатели!$C$2:$C$11,$A41)
A42: 11А | B42: =COUNTIF(Выдачи!$F$2:$F$26,$A42) | C42: =COUNTIF(Читатели!$C$2:$C$11,$A42)
A43: 11Б | B43: =COUNTIF(Выдачи!$F$2:$F$26,$A43) | C43: =COUNTIF(Читатели!$C$2:$C$11,$A43)
A45: Все показатели рассчитаны формулами по листам «Книги», «Читатели», «Выдачи»; при изменении исходных данных или параметров на листе «Модель» они пересчитываются автоматически.
