Workbook

Sheet Модель
A1: Информационная модель «Мои силовые тренировки»
A3: Цель: считать объём работы и следить за ростом рабочих весов.
A4: Вопросы модели:
A5: 1. Сколько работы (тоннажа) сделано за неделю и за весь цикл?
A6: 2. Как растут рабочие веса?
A7: 3. Какие группы мышц нагружены больше, какие меньше?
A8: 4. Когда при текущем темпе будет достигнута цель в приседе?
A9: Тип модели: табличная — справочник упражнений + журнал тренировок + расчёты.
A10: Существенно: упражнение, группа мышц, дата, вес, подходы, повторы.
A11: Несущественно: отдых между подходами, пульс, питание, марка снаряда.
A13: Параметры (жёлтые ячейки можно менять)
A14: Шаг прибавки веса за неделю, кг | B14: 2.5
A15: Цель: рабочий вес в приседе, кг | B15: 90
A16: Дата начала цикла | B16: 46258
A17: Сегодняшняя дата | B17: 46287
A19: Синий шрифт — данные, введённые вручную; чёрный — расчёт по формулам.

Sheet Упражнения
A1: Код | B1: Упражнение | C1: Группа мышц | D1: Снаряд
A2: У1 | B2: Приседания со штангой | C2: Ноги | D2: Штанга
A3: У2 | B3: Жим штанги лёжа | C3: Грудь | D3: Штанга
A4: У3 | B4: Становая тяга | C4: Спина | D4: Штанга
A5: У4 | B5: Тяга штанги в наклоне | C5: Спина | D5: Штанга
A6: У5 | B6: Жим гантелей сидя | C6: Плечи | D6: Гантели
A7: У6 | B7: Подъём штанги на бицепс | C7: Руки | D7: Штанга
A8: У7 | B8: Французский жим | C8: Руки | D8: Штанга
A9: У8 | B9: Жим ногами | C9: Ноги | D9: Тренажёр

Sheet Тренировки
A1: № | B1: Дата | C1: Код | D1: Упражнение (авто) | E1: Группа мышц (авто) | F1: Вес, кг | G1: Подходы | H1: Повторы | I1: Тоннаж, кг (авто) | J1: Неделя (авто) | K1: Новая тренировка (авто)
A2: 1 | B2: 46258 | C2: У1 | D2: =IFERROR(INDEX(Упражнения!$B$2:$B$9,MATCH($C2,Упражнения!$A$2:$A$9,0)),"") | E2: =IFERROR(INDEX(Упражнения!$C$2:$C$9,MATCH($C2,Упражнения!$A$2:$A$9,0)),"") | F2: 60 | G2: 5 | H2: 5 | I2: =$F2*$G2*$H2 | J2: =INT(($B2-Модель!$B$16)/7)+1 | K2: =IF(COUNTIF($B$2:$B2,$B2)=1,1,0)
A3: 2 | B3: 46258 | C3: У2 | D3: =IFERROR(INDEX(Упражнения!$B$2:$B$9,MATCH($C3,Упражнения!$A$2:$A$9,0)),"") | E3: =IFERROR(INDEX(Упражнения!$C$2:$C$9,MATCH($C3,Упражнения!$A$2:$A$9,0)),"") | F3: 45 | G3: 4 | H3: 8 | I3: =$F3*$G3*$H3 | J3: =INT(($B3-Модель!$B$16)/7)+1 | K3: =IF(COUNTIF($B$2:$B3,$B3)=1,1,0)
A4: 3 | B4: 46258 | C4: У6 | D4: =IFERROR(INDEX(Упражнения!$B$2:$B$9,MATCH($C4,Упражнения!$A$2:$A$9,0)),"") | E4: =IFERROR(INDEX(Упражнения!$C$2:$C$9,MATCH($C4,Упражнения!$A$2:$A$9,0)),"") | F4: 25 | G4: 3 | H4: 10 | I4: =$F4*$G4*$H4 | J4: =INT(($B4-Модель!$B$16)/7)+1 | K4: =IF(COUNTIF($B$2:$B4,$B4)=1,1,0)
A5: 4 | B5: 46260 | C5: У3 | D5: =IFERROR(INDEX(Упражнения!$B$2:$B$9,MATCH($C5,Упражнения!$A$2:$A$9,0)),"") | E5: =IFERROR(INDEX(Упражнения!$C$2:$C$9,MATCH($C5,Упражнения!$A$2:$A$9,0)),"") | F5: 70 | G5: 4 | H5: 5 | I5: =$F5*$G5*$H5 | J5: =INT(($B5-Модель!$B$16)/7)+1 | K5: =IF(COUNTIF($B$2:$B5,$B5)=1,1,0)
A6: 5 | B6: 46260 | C6: У4 | D6: =IFERROR(INDEX(Упражнения!$B$2:$B$9,MATCH($C6,Упражнения!$A$2:$A$9,0)),"") | E6: =IFERROR(INDEX(Упражнения!$C$2:$C$9,MATCH($C6,Упражнения!$A$2:$A$9,0)),"") | F6: 40 | G6: 4 | H6: 8 | I6: =$F6*$G6*$H6 | J6: =INT(($B6-Модель!$B$16)/7)+1 | K6: =IF(COUNTIF($B$2:$B6,$B6)=1,1,0)
A7: 6 | B7: 46260 | C7: У7 | D7: =IFERROR(INDEX(Упражнения!$B$2:$B$9,MATCH($C7,Упражнения!$A$2:$A$9,0)),"") | E7: =IFERROR(INDEX(Упражнения!$C$2:$C$9,MATCH($C7,Упражнения!$A$2:$A$9,0)),"") | F7: 22.5 | G7: 3 | H7: 10 | I7: =$F7*$G7*$H7 | J7: =INT(($B7-Модель!$B$16)/7)+1 | K7: =IF(COUNTIF($B$2:$B7,$B7)=1,1,0)
A8: 7 | B8: 46262 | C8: У8 | D8: =IFERROR(INDEX(Упражнения!$B$2:$B$9,MATCH($C8,Упражнения!$A$2:$A$9,0)),"") | E8: =IFERROR(INDEX(Упражнения!$C$2:$C$9,MATCH($C8,Упражнения!$A$2:$A$9,0)),"") | F8: 120 | G8: 4 | H8: 10 | I8: =$F8*$G8*$H8 | J8: =INT(($B8-Модель!$B$16)/7)+1 | K8: =IF(COUNTIF($B$2:$B8,$B8)=1,1,0)
A9: 8 | B9: 46262 | C9: У5 | D9: =IFERROR(INDEX(Упражнения!$B$2:$B$9,MATCH($C9,Упражнения!$A$2:$A$9,0)),"") | E9: =IFERROR(INDEX(Упражнения!$C$2:$C$9,MATCH($C9,Упражнения!$A$2:$A$9,0)),"") | F9: 32 | G9: 3 | H9: 10 | I9: =$F9*$G9*$H9 | J9: =INT(($B9-Модель!$B$16)/7)+1 | K9: =IF(COUNTIF($B$2:$B9,$B9)=1,1,0)
A10: 9 | B10: 46262 | C10: У6 | D10: =IFERROR(INDEX(Упражнения!$B$2:$B$9,MATCH($C10,Упражнения!$A$2:$A$9,0)),"") | E10: =IFERROR(INDEX(Упражнения!$C$2:$C$9,MATCH($C10,Упражнения!$A$2:$A$9,0)),"") | F10: 25 | G10: 3 | H10: 10 | I10: =$F10*$G10*$H10 | J10: =INT(($B10-Модель!$B$16)/7)+1 | K10: =IF(COUNTIF($B$2:$B10,$B10)=1,1,0)
A11: 10 | B11: 46265 | C11: У1 | D11: =IFERROR(INDEX(Упражнения!$B$2:$B$9,MATCH($C11,Упражнения!$A$2:$A$9,0)),"") | E11: =IFERROR(INDEX(Упражнения!$C$2:$C$9,MATCH($C11,Упражнения!$A$2:$A$9,0)),"") | F11: 62.5 | G11: 5 | H11: 5 | I11: =$F11*$G11*$H11 | J11: =INT(($B11-Модель!$B$16)/7)+1 | K11: =IF(COUNTIF($B$2:$B11,$B11)=1,1,0)
A12: 11 | B12: 46265 | C12: У2 | D12: =IFERROR(INDEX(Упражнения!$B$2:$B$9,MATCH($C12,Упражнения!$A$2:$A$9,0)),"") | E12: =IFERROR(INDEX(Упражнения!$C$2:$C$9,MATCH($C12,Упражнения!$A$2:$A$9,0)),"") | F12: 47.5 | G12: 4 | H12: 8 | I12: =$F12*$G12*$H12 | J12: =INT(($B12-Модель!$B$16)/7)+1 | K12: =IF(COUNTIF($B$2:$B12,$B12)=1,1,0)
A13: 12 | B13: 46265 | C13: У6 | D13: =IFERROR(INDEX(Упражнения!$B$2:$B$9,MATCH($C13,Упражнения!$A$2:$A$9,0)),"") | E13: =IFERROR(INDEX(Упражнения!$C$2:$C$9,MATCH($C13,Упражнения!$A$2:$A$9,0)),"") | F13: 26.2 | G13: 3 | H13: 10 | I13: =$F13*$G13*$H13 | J13: =INT(($B13-Модель!$B$16)/7)+1 | K13: =IF(COUNTIF($B$2:$B13,$B13)=1,1,0)
... A37: 36 | B37: 46283 | C37: У6 | D37: =IFERROR(INDEX(Упражнения!$B$2:$B$9,MATCH($C37,Упражнения!$A$2:$A$9,0)),"") | E37: =IFERROR(INDEX(Упражнения!$C$2:$C$9,MATCH($C37,Упражнения!$A$2:$A$9,0)),"") | F37: 28.8 | G37: 3 | H37: 10 | I37: =$F37*$G37*$H37 | J37: =INT(($B37-Модель!$B$16)/7)+1 | K37: =IF(COUNTIF($B$2:$B37,$B37)=1,1,0)

Sheet Итоги
A1: Результаты
A3: Тренировок проведено | B3: =SUM(Тренировки!$K$2:$K$37)
A4: Общий тоннаж, кг | B4: =SUM(Тренировки!$I$2:$I$37)
A5: Средний тоннаж за тренировку, кг | B5: =ROUND(SUM(Тренировки!$I$2:$I$37)/SUM(Тренировки!$K$2:$K$37),0)
A6: Всего подходов | B6: =SUM(Тренировки!$G$2:$G$37)
A8: Нагрузка по группам мышц
A9: Группа мышц | B9: Подходов | C9: Тоннаж, кг
A10: Ноги | B10: =SUMIF(Тренировки!$E$2:$E$37,$A10,Тренировки!$G$2:$G$37) | C10: =SUMIF(Тренировки!$E$2:$E$37,$A10,Тренировки!$I$2:$I$37)
A11: Грудь | B11: =SUMIF(Тренировки!$E$2:$E$37,$A11,Тренировки!$G$2:$G$37) | C11: =SUMIF(Тренировки!$E$2:$E$37,$A11,Тренировки!$I$2:$I$37)
A12: Спина | B12: =SUMIF(Тренировки!$E$2:$E$37,$A12,Тренировки!$G$2:$G$37) | C12: =SUMIF(Тренировки!$E$2:$E$37,$A12,Тренировки!$I$2:$I$37)
A13: Плечи | B13: =SUMIF(Тренировки!$E$2:$E$37,$A13,Тренировки!$G$2:$G$37) | C13: =SUMIF(Тренировки!$E$2:$E$37,$A13,Тренировки!$I$2:$I$37)
A14: Руки | B14: =SUMIF(Тренировки!$E$2:$E$37,$A14,Тренировки!$G$2:$G$37) | C14: =SUMIF(Тренировки!$E$2:$E$37,$A14,Тренировки!$I$2:$I$37)
A16: По неделям
A17: Неделя | B17: Тоннаж, кг | C17: Вес в приседе, кг
A18: 1 | B18: =SUMIF(Тренировки!$J$2:$J$37,$A18,Тренировки!$I$2:$I$37) | C18: =SUMIFS(Тренировки!$F$2:$F$37,Тренировки!$C$2:$C$37,"У1",Тренировки!$J$2:$J$37,$A18)
A19: 2 | B19: =SUMIF(Тренировки!$J$2:$J$37,$A19,Тренировки!$I$2:$I$37) | C19: =SUMIFS(Тренировки!$F$2:$F$37,Тренировки!$C$2:$C$37,"У1",Тренировки!$J$2:$J$37,$A19)
A20: 3 | B20: =SUMIF(Тренировки!$J$2:$J$37,$A20,Тренировки!$I$2:$I$37) | C20: =SUMIFS(Тренировки!$F$2:$F$37,Тренировки!$C$2:$C$37,"У1",Тренировки!$J$2:$J$37,$A20)
A21: 4 | B21: =SUMIF(Тренировки!$J$2:$J$37,$A21,Тренировки!$I$2:$I$37) | C21: =SUMIFS(Тренировки!$F$2:$F$37,Тренировки!$C$2:$C$37,"У1",Тренировки!$J$2:$J$37,$A21)
A23: Прогноз по приседу
A24: Текущий рабочий вес, кг | B24: =SUMIFS(Тренировки!$F$2:$F$37,Тренировки!$C$2:$C$37,"У1",Тренировки!$J$2:$J$37,MAX(Тренировки!$J$2:$J$37))
A25: Цель, кг | B25: =Модель!$B$15
A26: Недель до цели | B26: =ROUNDUP(MAX(0,$B25-$B24)/Модель!$B$14,0)
A27: Дата достижения цели | B27: =Модель!$B$17+$B26*7
