Workbook

Sheet Модель
A1: Информационная модель «Успеваемость за четверть»
A3: Цель модели: следить за успеваемостью и понимать, какие предметы нужно подтянуть до конца четверти.
A4: Вопросы, на которые отвечает модель:
A5: 1. Какой средний и средневзвешенный балл по каждому предмету?
A6: 2. Какая итоговая оценка выходит по предмету сейчас?
A7: 3. Какие предметы «на грани» и сколько пятёрок нужно добрать до цели?
A8: 4. Растёт успеваемость от недели к неделе или падает?
A9: 5. По каким видам работ оценки хуже всего?
A10: Тип модели: знаковая табличная (реляционная) — два справочника, журнал оценок и расчётный лист.
A11: Существенные свойства: предмет, дата, вид работы и его вес, оценка.
A12: Несущественные (в модель не входят): кабинет, номер урока, учитель, тема урока.
A14: Параметры модели (жёлтые ячейки можно менять)
A15: Нужный средний балл (цель) | B15: 4.5
A16: Начало четверти | B16: 46266
A17: Сегодняшняя дата | B17: 46287
A19: Синий шрифт — данные, введённые вручную. Чёрный — рассчитано формулами.

Sheet Предметы
A1: Код | B1: Предмет | C1: Учитель
A2: П1 | B2: Информатика | C2: Евгений Сергеевич
A3: П2 | B3: Алгебра | C3: Ирина Павловна
A4: П3 | B4: Геометрия | C4: Ирина Павловна
A5: П4 | B5: Физика | C5: Олег Данилович
A6: П5 | B6: Русский язык | C6: Марина Юрьевна
A7: П6 | B7: Литература | C7: Марина Юрьевна
A8: П7 | B8: История | C8: Андрей Викторович
A9: П8 | B9: Английский язык | C9: Светлана Игоревна

Sheet Виды работ
A1: Код | B1: Вид работы | C1: Вес
A2: В1 | B2: Контрольная работа | C2: 2
A3: В2 | B3: Самостоятельная работа | C3: 1.5
A4: В3 | B4: Тест | C4: 1.5
A5: В4 | B5: Практическая работа | C5: 1.5
A6: В5 | B6: Устный ответ | C6: 1
A7: В6 | B7: Доклад / проект | C7: 1
A8: В7 | B8: Домашняя работа | C8: 0.5
A10: Вес показывает, насколько работа важна для итоговой оценки.

Sheet Журнал
A1: № | B1: Дата | C1: Код предм. | D1: Предмет (авто) | E1: Код вида | F1: Вид работы (авто) | G1: Вес (авто) | H1: Оценка | I1: Балл × вес (авто) | J1: Неделя (авто)
A2: 1 | B2: 46266 | C2: П1 | D2: =IFERROR(INDEX(Предметы!$B$2:$B$9,MATCH($C2,Предметы!$A$2:$A$9,0)),"") | E2: В5 | F2: =IFERROR(INDEX('Виды работ'!$B$2:$B$8,MATCH($E2,'Виды работ'!$A$2:$A$8,0)),"") | G2: =IFERROR(INDEX('Виды работ'!$C$2:$C$8,MATCH($E2,'Виды работ'!$A$2:$A$8,0)),0) | H2: 5 | I2: =$H2*$G2 | J2: =INT(($B2-Модель!$B$16)/7)+1
A3: 2 | B3: 46266 | C3: П3 | D3: =IFERROR(INDEX(Предметы!$B$2:$B$9,MATCH($C3,Предметы!$A$2:$A$9,0)),"") | E3: В1 | F3: =IFERROR(INDEX('Виды работ'!$B$2:$B$8,MATCH($E3,'Виды работ'!$A$2:$A$8,0)),"") | G3: =IFERROR(INDEX('Виды работ'!$C$2:$C$8,MATCH($E3,'Виды работ'!$A$2:$A$8,0)),0) | H3: 4 | I3: =$H3*$G3 | J3: =INT(($B3-Модель!$B$16)/7)+1
A4: 3 | B4: 46266 | C4: П5 | D4: =IFERROR(INDEX(Предметы!$B$2:$B$9,MATCH($C4,Предметы!$A$2:$A$9,0)),"") | E4: В3 | F4: =IFERROR(INDEX('Виды работ'!$B$2:$B$8,MATCH($E4,'Виды работ'!$A$2:$A$8,0)),"") | G4: =IFERROR(INDEX('Виды работ'!$C$2:$C$8,MATCH($E4,'Виды работ'!$A$2:$A$8,0)),0) | H4: 4 | I4: =$H4*$G4 | J4: =INT(($B4-Модель!$B$16)/7)+1
A5: 4 | B5: 46266 | C5: П7 | D5: =IFERROR(INDEX(Предметы!$B$2:$B$9,MATCH($C5,Предметы!$A$2:$A$9,0)),"") | E5: В4 | F5: =IFERROR(INDEX('Виды работ'!$B$2:$B$8,MATCH($E5,'Виды работ'!$A$2:$A$8,0)),"") | G5: =IFERROR(INDEX('Виды работ'!$C$2:$C$8,MATCH($E5,'Виды работ'!$A$2:$A$8,0)),0) | H5: 5 | I5: =$H5*$G5 | J5: =INT(($B5-Модель!$B$16)/7)+1
A6: 5 | B6: 46267 | C6: П2 | D6: =IFERROR(INDEX(Предметы!$B$2:$B$9,MATCH($C6,Предметы!$A$2:$A$9,0)),"") | E6: В4 | F6: =IFERROR(INDEX('Виды работ'!$B$2:$B$8,MATCH($E6,'Виды работ'!$A$2:$A$8,0)),"") | G6: =IFERROR(INDEX('Виды работ'!$C$2:$C$8,MATCH($E6,'Виды работ'!$A$2:$A$8,0)),0) | H6: 4 | I6: =$H6*$G6 | J6: =INT(($B6-Модель!$B$16)/7)+1
A7: 6 | B7: 46267 | C7: П5 | D7: =IFERROR(INDEX(Предметы!$B$2:$B$9,MATCH($C7,Предметы!$A$2:$A$9,0)),"") | E7: В2 | F7: =IFERROR(INDEX('Виды работ'!$B$2:$B$8,MATCH($E7,'Виды работ'!$A$2:$A$8,0)),"") | G7: =IFERROR(INDEX('Виды работ'!$C$2:$C$8,MATCH($E7,'Виды работ'!$A$2:$A$8,0)),0) | H7: 4 | I7: =$H7*$G7 | J7: =INT(($B7-Модель!$B$16)/7)+1
A8: 7 | B8: 46267 | C8: П7 | D8: =IFERROR(INDEX(Предметы!$B$2:$B$9,MATCH($C8,Предметы!$A$2:$A$9,0)),"") | E8: В7 | F8: =IFERROR(INDEX('Виды работ'!$B$2:$B$8,MATCH($E8,'Виды работ'!$A$2:$A$8,0)),"") | G8: =IFERROR(INDEX('Виды работ'!$C$2:$C$8,MATCH($E8,'Виды работ'!$A$2:$A$8,0)),0) | H8: 5 | I8: =$H8*$G8 | J8: =INT(($B8-Модель!$B$16)/7)+1
A9: 8 | B9: 46268 | C9: П2 | D9: =IFERROR(INDEX(Предметы!$B$2:$B$9,MATCH($C9,Предметы!$A$2:$A$9,0)),"") | E9: В7 | F9: =IFERROR(INDEX('Виды работ'!$B$2:$B$8,MATCH($E9,'Виды работ'!$A$2:$A$8,0)),"") | G9: =IFERROR(INDEX('Виды работ'!$C$2:$C$8,MATCH($E9,'Виды работ'!$A$2:$A$8,0)),0) | H9: 4 | I9: =$H9*$G9 | J9: =INT(($B9-Модель!$B$16)/7)+1
A10: 9 | B10: 46268 | C10: П4 | D10: =IFERROR(INDEX(Предметы!$B$2:$B$9,MATCH($C10,Предметы!$A$2:$A$9,0)),"") | E10: В5 | F10: =IFERROR(INDEX('Виды работ'!$B$2:$B$8,MATCH($E10,'Виды работ'!$A$2:$A$8,0)),"") | G10: =IFERROR(INDEX('Виды работ'!$C$2:$C$8,MATCH($E10,'Виды работ'!$A$2:$A$8,0)),0) | H10: 3 | I10: =$H10*$G10 | J10: =INT(($B10-Модель!$B$16)/7)+1
A11: 10 | B11: 46268 | C11: П7 | D11: =IFERROR(INDEX(Предметы!$B$2:$B$9,MATCH($C11,Предметы!$A$2:$A$9,0)),"") | E11: В5 | F11: =IFERROR(INDEX('Виды работ'!$B$2:$B$8,MATCH($E11,'Виды работ'!$A$2:$A$8,0)),"") | G11: =IFERROR(INDEX('Виды работ'!$C$2:$C$8,MATCH($E11,'Виды работ'!$A$2:$A$8,0)),0) | H11: 4 | I11: =$H11*$G11 | J11: =INT(($B11-Модель!$B$16)/7)+1
A12: 11 | B12: 46269 | C12: П2 | D12: =IFERROR(INDEX(Предметы!$B$2:$B$9,MATCH($C12,Предметы!$A$2:$A$9,0)),"") | E12: В5 | F12: =IFERROR(INDEX('Виды работ'!$B$2:$B$8,MATCH($E12,'Виды работ'!$A$2:$A$8,0)),"") | G12: =IFERROR(INDEX('Виды работ'!$C$2:$C$8,MATCH($E12,'Виды работ'!$A$2:$A$8,0)),0) | H12: 4 | I12: =$H12*$G12 | J12: =INT(($B12-Модель!$B$16)/7)+1
A13: 12 | B13: 46269 | C13: П4 | D13: =IFERROR(INDEX(Предметы!$B$2:$B$9,MATCH($C13,Предметы!$A$2:$A$9,0)),"") | E13: В1 | F13: =IFERROR(INDEX('Виды работ'!$B$2:$B$8,MATCH($E13,'Виды работ'!$A$2:$A$8,0)),"") | G13: =IFERROR(INDEX('Виды работ'!$C$2:$C$8,MATCH($E13,'Виды работ'!$A$2:$A$8,0)),0) | H13: 4 | I13: =$H13*$G13 | J13: =INT(($B13-Модель!$B$16)/7)+1
... A57: 56 | B57: 46287 | C57: П8 | D57: =IFERROR(INDEX(Предметы!$B$2:$B$9,MATCH($C57,Предметы!$A$2:$A$9,0)),"") | E57: В1 | F57: =IFERROR(INDEX('Виды работ'!$B$2:$B$8,MATCH($E57,'Виды работ'!$A$2:$A$8,0)),"") | G57: =IFERROR(INDEX('Виды работ'!$C$2:$C$8,MATCH($E57,'Виды работ'!$A$2:$A$8,0)),0) | H57: 4 | I57: =$H57*$G57 | J57: =INT(($B57-Модель!$B$16)/7)+1

Sheet Итоги
A1: Результаты моделирования
A3: Общая сводка
A4: Оценок получено всего | B4: =COUNT(Журнал!$H$2:$H$57)
A5: Средний балл (простой) | B5: =ROUND(AVERAGE(Журнал!$H$2:$H$57),2)
A6: Средний балл (взвешенный) | B6: =ROUND(SUM(Журнал!$I$2:$I$57)/SUM(Журнал!$G$2:$G$57),2)
A7: Пятёрок | B7: =COUNTIF(Журнал!$H$2:$H$57,5)
A8: Четвёрок | B8: =COUNTIF(Журнал!$H$2:$H$57,4)
A9: Троек | B9: =COUNTIF(Журнал!$H$2:$H$57,3)
A10: Дней с начала четверти | B10: =Модель!$B$17-Модель!$B$16
A12: Успеваемость по предметам
A13: Код | B13: Предмет | C13: Оценок | D13: Средний балл | E13: Средневзвешенный | F13: Итоговая оценка | G13: Статус | H13: Пятёрок до цели
A14: =Предметы!$A2 | B14: =IFERROR(INDEX(Предметы!$B$2:$B$9,MATCH($A14,Предметы!$A$2:$A$9,0)),"") | C14: =COUNTIF(Журнал!$C$2:$C$57,$A14) | D14: =ROUND(AVERAGEIF(Журнал!$C$2:$C$57,$A14,Журнал!$H$2:$H$57),2) | E14: =ROUND(SUMIF(Журнал!$C$2:$C$57,$A14,Журнал!$I$2:$I$57)/SUMIF(Журнал!$C$2:$C$57,$A14,Журнал!$G$2:$G$57),2) | F14: =ROUND($E14,0) | G14: =IF($E14>=Модель!$B$15,"цель достигнута",IF($E14>=4,"на грани","нужно подтянуть")) | H14: =IF($E14>=Модель!$B$15,0,ROUNDUP((Модель!$B$15*SUMIF(Журнал!$C$2:$C$57,$A14,Журнал!$G$2:$G$57)-SUMIF(Журнал!$C$2:$C$57,$A14,Журнал!$I$2:$I$57))/(5-Модель!$B$15),0))
A15: =Предметы!$A3 | B15: =IFERROR(INDEX(Предметы!$B$2:$B$9,MATCH($A15,Предметы!$A$2:$A$9,0)),"") | C15: =COUNTIF(Журнал!$C$2:$C$57,$A15) | D15: =ROUND(AVERAGEIF(Журнал!$C$2:$C$57,$A15,Журнал!$H$2:$H$57),2) | E15: =ROUND(SUMIF(Журнал!$C$2:$C$57,$A15,Журнал!$I$2:$I$57)/SUMIF(Журнал!$C$2:$C$57,$A15,Журнал!$G$2:$G$57),2) | F15: =ROUND($E15,0) | G15: =IF($E15>=Модель!$B$15,"цель достигнута",IF($E15>=4,"на грани","нужно подтянуть")) | H15: =IF($E15>=Модель!$B$15,0,ROUNDUP((Модель!$B$15*SUMIF(Журнал!$C$2:$C$57,$A15,Журнал!$G$2:$G$57)-SUMIF(Журнал!$C$2:$C$57,$A15,Журнал!$I$2:$I$57))/(5-Модель!$B$15),0))
A16: =Предметы!$A4 | B16: =IFERROR(INDEX(Предметы!$B$2:$B$9,MATCH($A16,Предметы!$A$2:$A$9,0)),"") | C16: =COUNTIF(Журнал!$C$2:$C$57,$A16) | D16: =ROUND(AVERAGEIF(Журнал!$C$2:$C$57,$A16,Журнал!$H$2:$H$57),2) | E16: =ROUND(SUMIF(Журнал!$C$2:$C$57,$A16,Журнал!$I$2:$I$57)/SUMIF(Журнал!$C$2:$C$57,$A16,Журнал!$G$2:$G$57),2) | F16: =ROUND($E16,0) | G16: =IF($E16>=Модель!$B$15,"цель достигнута",IF($E16>=4,"на грани","нужно подтянуть")) | H16: =IF($E16>=Модель!$B$15,0,ROUNDUP((Модель!$B$15*SUMIF(Журнал!$C$2:$C$57,$A16,Журнал!$G$2:$G$57)-SUMIF(Журнал!$C$2:$C$57,$A16,Журнал!$I$2:$I$57))/(5-Модель!$B$15),0))
A17: =Предметы!$A5 | B17: =IFERROR(INDEX(Предметы!$B$2:$B$9,MATCH($A17,Предметы!$A$2:$A$9,0)),"") | C17: =COUNTIF(Журнал!$C$2:$C$57,$A17) | D17: =ROUND(AVERAGEIF(Журнал!$C$2:$C$57,$A17,Журнал!$H$2:$H$57),2) | E17: =ROUND(SUMIF(Журнал!$C$2:$C$57,$A17,Журнал!$I$2:$I$57)/SUMIF(Журнал!$C$2:$C$57,$A17,Журнал!$G$2:$G$57),2) | F17: =ROUND($E17,0) | G17: =IF($E17>=Модель!$B$15,"цель достигнута",IF($E17>=4,"на грани","нужно подтянуть")) | H17: =IF($E17>=Модель!$B$15,0,ROUNDUP((Модель!$B$15*SUMIF(Журнал!$C$2:$C$57,$A17,Журнал!$G$2:$G$57)-SUMIF(Журнал!$C$2:$C$57,$A17,Журнал!$I$2:$I$57))/(5-Модель!$B$15),0))
A18: =Предметы!$A6 | B18: =IFERROR(INDEX(Предметы!$B$2:$B$9,MATCH($A18,Предметы!$A$2:$A$9,0)),"") | C18: =COUNTIF(Журнал!$C$2:$C$57,$A18) | D18: =ROUND(AVERAGEIF(Журнал!$C$2:$C$57,$A18,Журнал!$H$2:$H$57),2) | E18: =ROUND(SUMIF(Журнал!$C$2:$C$57,$A18,Журнал!$I$2:$I$57)/SUMIF(Журнал!$C$2:$C$57,$A18,Журнал!$G$2:$G$57),2) | F18: =ROUND($E18,0) | G18: =IF($E18>=Модель!$B$15,"цель достигнута",IF($E18>=4,"на грани","нужно подтянуть")) | H18: =IF($E18>=Модель!$B$15,0,ROUNDUP((Модель!$B$15*SUMIF(Журнал!$C$2:$C$57,$A18,Журнал!$G$2:$G$57)-SUMIF(Журнал!$C$2:$C$57,$A18,Журнал!$I$2:$I$57))/(5-Модель!$B$15),0))
A19: =Предметы!$A7 | B19: =IFERROR(INDEX(Предметы!$B$2:$B$9,MATCH($A19,Предметы!$A$2:$A$9,0)),"") | C19: =COUNTIF(Журнал!$C$2:$C$57,$A19) | D19: =ROUND(AVERAGEIF(Журнал!$C$2:$C$57,$A19,Журнал!$H$2:$H$57),2) | E19: =ROUND(SUMIF(Журнал!$C$2:$C$57,$A19,Журнал!$I$2:$I$57)/SUMIF(Журнал!$C$2:$C$57,$A19,Журнал!$G$2:$G$57),2) | F19: =ROUND($E19,0) | G19: =IF($E19>=Модель!$B$15,"цель достигнута",IF($E19>=4,"на грани","нужно подтянуть")) | H19: =IF($E19>=Модель!$B$15,0,ROUNDUP((Модель!$B$15*SUMIF(Журнал!$C$2:$C$57,$A19,Журнал!$G$2:$G$57)-SUMIF(Журнал!$C$2:$C$57,$A19,Журнал!$I$2:$I$57))/(5-Модель!$B$15),0))
A20: =Предметы!$A8 | B20: =IFERROR(INDEX(Предметы!$B$2:$B$9,MATCH($A20,Предметы!$A$2:$A$9,0)),"") | C20: =COUNTIF(Журнал!$C$2:$C$57,$A20) | D20: =ROUND(AVERAGEIF(Журнал!$C$2:$C$57,$A20,Журнал!$H$2:$H$57),2) | E20: =ROUND(SUMIF(Журнал!$C$2:$C$57,$A20,Журнал!$I$2:$I$57)/SUMIF(Журнал!$C$2:$C$57,$A20,Журнал!$G$2:$G$57),2) | F20: =ROUND($E20,0) | G20: =IF($E20>=Модель!$B$15,"цель достигнута",IF($E20>=4,"на грани","нужно подтянуть")) | H20: =IF($E20>=Модель!$B$15,0,ROUNDUP((Модель!$B$15*SUMIF(Журнал!$C$2:$C$57,$A20,Журнал!$G$2:$G$57)-SUMIF(Журнал!$C$2:$C$57,$A20,Журнал!$I$2:$I$57))/(5-Модель!$B$15),0))
A21: =Предметы!$A9 | B21: =IFERROR(INDEX(Предметы!$B$2:$B$9,MATCH($A21,Предметы!$A$2:$A$9,0)),"") | C21: =COUNTIF(Журнал!$C$2:$C$57,$A21) | D21: =ROUND(AVERAGEIF(Журнал!$C$2:$C$57,$A21,Журнал!$H$2:$H$57),2) | E21: =ROUND(SUMIF(Журнал!$C$2:$C$57,$A21,Журнал!$I$2:$I$57)/SUMIF(Журнал!$C$2:$C$57,$A21,Журнал!$G$2:$G$57),2) | F21: =ROUND($E21,0) | G21: =IF($E21>=Модель!$B$15,"цель достигнута",IF($E21>=4,"на грани","нужно подтянуть")) | H21: =IF($E21>=Модель!$B$15,0,ROUNDUP((Модель!$B$15*SUMIF(Журнал!$C$2:$C$57,$A21,Журнал!$G$2:$G$57)-SUMIF(Журнал!$C$2:$C$57,$A21,Журнал!$I$2:$I$57))/(5-Модель!$B$15),0))
B22: Итого / среднее | C22: =SUM($C$14:$C$21) | D22: =ROUND(AVERAGE(Журнал!$H$2:$H$57),2) | E22: =ROUND(SUM(Журнал!$I$2:$I$57)/SUM(Журнал!$G$2:$G$57),2) | H22: =SUM($H$14:$H$21)
A24: Динамика по неделям
A25: Неделя | B25: Оценок | C25: Средний балл
A26: 1 | B26: =COUNTIF(Журнал!$J$2:$J$57,$A26) | C26: =IFERROR(ROUND(AVERAGEIF(Журнал!$J$2:$J$57,$A26,Журнал!$H$2:$H$57),2),0)
A27: 2 | B27: =COUNTIF(Журнал!$J$2:$J$57,$A27) | C27: =IFERROR(ROUND(AVERAGEIF(Журнал!$J$2:$J$57,$A27,Журнал!$H$2:$H$57),2),0)
A28: 3 | B28: =COUNTIF(Журнал!$J$2:$J$57,$A28) | C28: =IFERROR(ROUND(AVERAGEIF(Журнал!$J$2:$J$57,$A28,Журнал!$H$2:$H$57),2),0)
A29: 4 | B29: =COUNTIF(Журнал!$J$2:$J$57,$A29) | C29: =IFERROR(ROUND(AVERAGEIF(Журнал!$J$2:$J$57,$A29,Журнал!$H$2:$H$57),2),0)
A31: Оценки по видам работ
A32: Вид работы | B32: Вес | C32: Оценок | D32: Средний балл
A33: ='Виды работ'!$B2 | B33: ='Виды работ'!$C2 | C33: =COUNTIF(Журнал!$E$2:$E$57,"В1") | D33: =IFERROR(ROUND(AVERAGEIF(Журнал!$E$2:$E$57,"В1",Журнал!$H$2:$H$57),2),0)
A34: ='Виды работ'!$B3 | B34: ='Виды работ'!$C3 | C34: =COUNTIF(Журнал!$E$2:$E$57,"В2") | D34: =IFERROR(ROUND(AVERAGEIF(Журнал!$E$2:$E$57,"В2",Журнал!$H$2:$H$57),2),0)
A35: ='Виды работ'!$B4 | B35: ='Виды работ'!$C4 | C35: =COUNTIF(Журнал!$E$2:$E$57,"В3") | D35: =IFERROR(ROUND(AVERAGEIF(Журнал!$E$2:$E$57,"В3",Журнал!$H$2:$H$57),2),0)
A36: ='Виды работ'!$B5 | B36: ='Виды работ'!$C5 | C36: =COUNTIF(Журнал!$E$2:$E$57,"В4") | D36: =IFERROR(ROUND(AVERAGEIF(Журнал!$E$2:$E$57,"В4",Журнал!$H$2:$H$57),2),0)
A37: ='Виды работ'!$B6 | B37: ='Виды работ'!$C6 | C37: =COUNTIF(Журнал!$E$2:$E$57,"В5") | D37: =IFERROR(ROUND(AVERAGEIF(Журнал!$E$2:$E$57,"В5",Журнал!$H$2:$H$57),2),0)
A38: ='Виды работ'!$B7 | B38: ='Виды работ'!$C7 | C38: =COUNTIF(Журнал!$E$2:$E$57,"В6") | D38: =IFERROR(ROUND(AVERAGEIF(Журнал!$E$2:$E$57,"В6",Журнал!$H$2:$H$57),2),0)
A39: ='Виды работ'!$B8 | B39: ='Виды работ'!$C8 | C39: =COUNTIF(Журнал!$E$2:$E$57,"В7") | D39: =IFERROR(ROUND(AVERAGEIF(Журнал!$E$2:$E$57,"В7",Журнал!$H$2:$H$57),2),0)
A41: Вывод модели
A42: Предметов, где цель достигнута | B42: =COUNTIF($G$14:$G$21,"цель достигнута")
A43: Предметов «на грани» | B43: =COUNTIF($G$14:$G$21,"на грани")
A44: Предметов, где нужно подтянуть | B44: =COUNTIF($G$14:$G$21,"нужно подтянуть")
A45: Всего пятёрок нужно добрать | B45: =SUM($H$14:$H$21)
