Workbook

Sheet Предметы
A1: Код | B1: Предмет
A2: П1 | B2: Информатика
A3: П2 | B3: Алгебра
A4: П3 | B4: Физика
A5: П4 | B5: Русский язык
A6: П5 | B6: История

Sheet Оценки
A1: № | B1: Дата | C1: Код | D1: Предмет (авто) | E1: Оценка
A2: 1 | B2: 46267 | C2: П1 | D2: =IFERROR(INDEX(Предметы!$B$2:$B$6,MATCH($C2,Предметы!$A$2:$A$6,0)),"") | E2: 5
A3: 2 | B3: 46267 | C3: П2 | D3: =IFERROR(INDEX(Предметы!$B$2:$B$6,MATCH($C3,Предметы!$A$2:$A$6,0)),"") | E3: 4
A4: 3 | B4: 46268 | C4: П4 | D4: =IFERROR(INDEX(Предметы!$B$2:$B$6,MATCH($C4,Предметы!$A$2:$A$6,0)),"") | E4: 4
A5: 4 | B5: 46269 | C5: П3 | D5: =IFERROR(INDEX(Предметы!$B$2:$B$6,MATCH($C5,Предметы!$A$2:$A$6,0)),"") | E5: 3
A6: 5 | B6: 46269 | C6: П5 | D6: =IFERROR(INDEX(Предметы!$B$2:$B$6,MATCH($C6,Предметы!$A$2:$A$6,0)),"") | E6: 5
A7: 6 | B7: 46273 | C7: П1 | D7: =IFERROR(INDEX(Предметы!$B$2:$B$6,MATCH($C7,Предметы!$A$2:$A$6,0)),"") | E7: 5
A8: 7 | B8: 46274 | C8: П2 | D8: =IFERROR(INDEX(Предметы!$B$2:$B$6,MATCH($C8,Предметы!$A$2:$A$6,0)),"") | E8: 5
A9: 8 | B9: 46274 | C9: П3 | D9: =IFERROR(INDEX(Предметы!$B$2:$B$6,MATCH($C9,Предметы!$A$2:$A$6,0)),"") | E9: 4
A10: 9 | B10: 46275 | C10: П4 | D10: =IFERROR(INDEX(Предметы!$B$2:$B$6,MATCH($C10,Предметы!$A$2:$A$6,0)),"") | E10: 3
A11: 10 | B11: 46276 | C11: П5 | D11: =IFERROR(INDEX(Предметы!$B$2:$B$6,MATCH($C11,Предметы!$A$2:$A$6,0)),"") | E11: 4
A12: 11 | B12: 46280 | C12: П1 | D12: =IFERROR(INDEX(Предметы!$B$2:$B$6,MATCH($C12,Предметы!$A$2:$A$6,0)),"") | E12: 4
A13: 12 | B13: 46280 | C13: П2 | D13: =IFERROR(INDEX(Предметы!$B$2:$B$6,MATCH($C13,Предметы!$A$2:$A$6,0)),"") | E13: 3
... A16: 15 | B16: 46283 | C16: П5 | D16: =IFERROR(INDEX(Предметы!$B$2:$B$6,MATCH($C16,Предметы!$A$2:$A$6,0)),"") | E16: 5

Sheet Итоги
A1: Итоги четверти
A3: Нужный средний балл (можно менять) | B3: 4.5
A5: Предмет | B5: Оценок | C5: Средний балл | D5: Итоговая оценка | E5: Пятёрок до цели
A6: Информатика | B6: =COUNTIF(Оценки!$C$2:$C$16,"П1") | C6: =ROUND(AVERAGEIF(Оценки!$C$2:$C$16,"П1",Оценки!$E$2:$E$16),2) | D6: =ROUND($C6,0) | E6: =IF($C6>=$B$3,0,ROUNDUP($B6*($B$3-$C6)/(5-$B$3),0))
A7: Алгебра | B7: =COUNTIF(Оценки!$C$2:$C$16,"П2") | C7: =ROUND(AVERAGEIF(Оценки!$C$2:$C$16,"П2",Оценки!$E$2:$E$16),2) | D7: =ROUND($C7,0) | E7: =IF($C7>=$B$3,0,ROUNDUP($B7*($B$3-$C7)/(5-$B$3),0))
A8: Физика | B8: =COUNTIF(Оценки!$C$2:$C$16,"П3") | C8: =ROUND(AVERAGEIF(Оценки!$C$2:$C$16,"П3",Оценки!$E$2:$E$16),2) | D8: =ROUND($C8,0) | E8: =IF($C8>=$B$3,0,ROUNDUP($B8*($B$3-$C8)/(5-$B$3),0))
A9: Русский язык | B9: =COUNTIF(Оценки!$C$2:$C$16,"П4") | C9: =ROUND(AVERAGEIF(Оценки!$C$2:$C$16,"П4",Оценки!$E$2:$E$16),2) | D9: =ROUND($C9,0) | E9: =IF($C9>=$B$3,0,ROUNDUP($B9*($B$3-$C9)/(5-$B$3),0))
A10: История | B10: =COUNTIF(Оценки!$C$2:$C$16,"П5") | C10: =ROUND(AVERAGEIF(Оценки!$C$2:$C$16,"П5",Оценки!$E$2:$E$16),2) | D10: =ROUND($C10,0) | E10: =IF($C10>=$B$3,0,ROUNDUP($B10*($B$3-$C10)/(5-$B$3),0))
A11: Итого | B11: =SUM($B$6:$B$10) | C11: =ROUND(AVERAGE(Оценки!$E$2:$E$16),2) | E11: =SUM($E$6:$E$10)
A13: Пятёрок | B13: =COUNTIF(Оценки!$E$2:$E$16,5)
A14: Четвёрок | B14: =COUNTIF(Оценки!$E$2:$E$16,4)
A15: Троек | B15: =COUNTIF(Оценки!$E$2:$E$16,3)
